rollout/ep_len_mean,time/fps,time/time_elapsed,rollout/ep_rew_mean,time/total_timesteps,time/iterations,train/explained_variance,train/loss,train/n_updates,train/value_loss,train/clip_range,train/policy_gradient_loss,train/approx_kl,train/clip_fraction,train/entropy_loss,train/learning_rate,eval/mean_ep_length,eval/mean_reward
105.59,146,28,-5.481660000000001,2988640,1,,,,,,,,,,,,
113.3,146,55,-6.968280000000001,2992736,2,0.6822551488876343,0.387255996465683,1656,1.6672836588695645,0.2,-0.014409940296900459,0.046493605,0.31634521484375,-1.413232233375311,0.0003,,
106.54,142,86,-5.792880000000001,2996832,3,0.7093658149242401,0.43728184700012207,1660,1.6043651774525642,0.2,-0.012528270439361222,0.039228253,0.3077392578125,-1.353002067655325,0.0003,,
100.13,142,114,-4.80996,3000928,4,0.6282596290111542,0.4997352063655853,1664,2.2297744508832693,0.2,-0.01606596854981035,0.041131295,0.2913818359375,-1.3839174211025238,0.0003,,
,,,,3004544,,0.6821801066398621,0.5749645233154297,1668,2.0020394967868924,0.2,-0.012129449118219782,0.044002883,0.29119873046875,-1.4078931659460068,0.0003,144.4,-13.356799999999998
107.34,130,156,-5.958480000000001,3005024,5,,,,,,,,,,,,
115.23,134,182,-7.266260000000001,3009120,6,0.767864316701889,0.3779607117176056,1672,1.6409880425781012,0.2,-0.011939314361370634,0.0496943,0.3492431640625,-1.5388197116553783,0.0003,,
108.48,137,207,-6.08756,3013216,7,0.6477407217025757,0.5350762605667114,1676,1.9154147040098906,0.2,-0.008675868906721007,0.046865568,0.29437255859375,-1.4483981914818287,0.0003,,
105.13,140,233,-5.54206,3017312,8,0.7034843266010284,0.5818535685539246,1680,2.370819851756096,0.2,-0.01214532824815251,0.041615024,0.32196044921875,-1.4289645738899708,0.0003,,
112.27,141,259,-6.604339999999999,3021408,9,0.7412362396717072,0.5090356469154358,1684,1.7864962900057435,0.2,-0.017851099553809036,0.04663215,0.33221435546875,-1.4205564949661493,0.0003,,
,,,,3024544,,0.7005459070205688,0.36322104930877686,1688,1.6675607860088348,0.2,-0.016767874119977932,0.055205025,0.343017578125,-1.4938961584120989,0.0003,145.8,-14.0016
120.39,135,301,-8.13218,3025504,10,,,,,,,,,,,,
118.8,137,327,-7.9033000000000015,3029600,11,0.5668703019618988,0.6985720992088318,1692,1.8337580803781748,0.2,-0.010244396951748058,0.03965931,0.3115234375,-1.4533121027052402,0.0003,,
115.35,139,353,-7.359,3033696,12,0.6421285271644592,0.3208727538585663,1696,1.917482609860599,0.2,-0.02131051232572645,0.048676215,0.3187255859375,-1.4684946946799755,0.0003,,
117.34,137,386,-7.79048,3037792,13,0.6825426816940308,0.5466024875640869,1700,2.1789437662810087,0.2,-0.01022416386695113,0.049352497,0.269775390625,-1.3622355610132217,0.0003,,
116.33,137,416,-7.587759999999999,3041888,14,0.6663438379764557,0.41068363189697266,1704,1.625985661521554,0.2,-0.015088872853084467,0.04354517,0.32110595703125,-1.4175741337239742,0.0003,,
,,,,3044544,,0.7463946342468262,0.5962997078895569,1708,1.9782856861129403,0.2,-0.015210341924102977,0.038406465,0.288818359375,-1.3408019803464413,0.0003,145.8,-12.4956
121.88,133,461,-8.62116,3045984,15,,,,,,,,,,,,
117.86,134,487,-8.02232,3050080,16,0.6850234270095825,0.3127155005931854,1712,1.3293014643713832,0.2,-0.014549045867170207,0.048828803,0.3463134765625,-1.431258587166667,0.0003,,
116.82,135,515,-7.794340000000001,3054176,17,0.6198684871196747,0.49661242961883545,1716,1.759486231021583,0.2,-0.015644049752154388,0.045607075,0.33624267578125,-1.5000159572809935,0.0003,,
113.41,134,549,-6.99262,3058272,18,0.659932404756546,0.9251874685287476,1720,2.3905908595770597,0.2,-0.01714091340545565,0.043474592,0.29180908203125,-1.3668264597654343,0.0003,,
106.4,132,586,-5.5249,3062368,19,0.618232786655426,0.3080677390098572,1724,1.5979986228048801,0.2,-0.01446567264792975,0.04357954,0.29913330078125,-1.3283128924667835,0.0003,,
,,,,3064544,,0.7428835928440094,0.7469450235366821,1728,2.4431524332612753,0.2,-0.015636469077435322,0.04937031,0.29937744140625,-1.2994717415422201,0.0003,76.0,-1.1220000000000006
98.38,130,628,-4.45046,3066464,20,,,,,,,,,,,,
98.91,131,656,-4.550120000000001,3070560,21,0.7313001453876495,0.625682532787323,1732,1.8958635414019227,0.2,-0.016861966607393697,0.04334072,0.293212890625,-1.3946585226804018,0.0003,,
109.47,131,683,-6.55054,3074656,22,0.6873833239078522,0.570178747177124,1736,2.189830146729946,0.2,-0.01670304664003197,0.038760882,0.2974853515625,-1.4610077887773514,0.0003,,
110.74,132,709,-6.501679999999999,3078752,23,0.706659346818924,0.5076907277107239,1740,1.8338479772210121,0.2,-0.015761005532112904,0.04984343,0.323486328125,-1.4336003977805376,0.0003,,
121.88,133,735,-8.69816,3082848,24,0.6878033578395844,0.6369868516921997,1744,2.09188880212605,0.2,-0.014894795138388872,0.0506201,0.33270263671875,-1.3463218603283167,0.0003,,
,,,,3084544,,0.71023228764534,0.33636170625686646,1748,1.5380458058789372,0.2,-0.013851698633516207,0.050886434,0.3199462890625,-1.4693508837372065,0.0003,145.6,-13.955200000000001
116.53,131,780,-7.700459999999998,3086944,25,,,,,,,,,,,,
106.11,131,808,-5.774419999999999,3091040,26,0.6282709538936615,0.488025963306427,1752,1.8265421586111188,0.2,-0.012036035463097505,0.05775287,0.3199462890625,-1.4367386829108,0.0003,,
102.95,131,839,-5.0285,3095136,27,0.6767598390579224,0.4194347560405731,1756,1.8027730816975236,0.2,-0.018893513646617066,0.12867305,0.32794189453125,-1.2205336391925812,0.0003,,
103.46,131,870,-5.0056199999999995,3099232,28,0.7127772271633148,0.6681613326072693,1760,1.9681720715016127,0.2,-0.014175467142194975,0.039778046,0.27911376953125,-1.3088167533278465,0.0003,,
109.84,131,900,-5.90178,3103328,29,0.709402471780777,0.47116243839263916,1764,2.2994621880352497,0.2,-0.014244611142203212,0.04478025,0.31817626953125,-1.3175597973167896,0.0003,,
,,,,3104544,,0.7291567921638489,0.4798699617385864,1768,2.0596531741321087,0.2,-0.008915414422517642,0.04554334,0.30389404296875,-1.293690463528037,0.0003,145.4,-12.444799999999999
104.81,129,951,-5.36232,3107424,30,,,,,,,,,,,,
113.98,129,982,-7.031359999999999,3111520,31,0.6276153922080994,0.5773419737815857,1772,2.074912599287927,0.2,-0.011436022708949167,0.042204928,0.30438232421875,-1.4570050481706858,0.0003,,
101.47,129,1015,-4.770239999999999,3115616,32,0.6999474465847015,0.6589024066925049,1776,1.894836250692606,0.2,-0.013059719451121055,0.039100252,0.2880859375,-1.4141084346920252,0.0003,,
94.47,129,1044,-3.422840000000001,3119712,33,0.7028517723083496,0.2963573634624481,1780,2.060025278478861,0.2,-0.011838743710541166,0.044781037,0.299072265625,-1.4218067489564419,0.0003,,
93.2,129,1072,-3.4693,3123808,34,0.7470932006835938,0.7241606712341309,1784,1.9710139781236649,0.2,-0.013208594093157444,0.037224457,0.29156494140625,-1.3783987537026405,0.0003,,
,,,,3124544,,0.7127358317375183,0.48997512459754944,1788,1.955814829096198,0.2,-0.013803097237541806,0.045984864,0.30377197265625,-1.3790139202028513,0.0003,180.0,-18.36
104.17,127,1122,-5.472639999999999,3127904,35,,,,,,,,,,,,
110.71,128,1150,-6.56892,3132000,36,0.7034618556499481,0.17198941111564636,1792,1.561616017948836,0.2,-0.013810659424052574,0.037108146,0.31488037109375,-1.3953213784843683,0.0003,,
112.07,128,1181,-6.850740000000001,3136096,37,0.6343443989753723,0.7129865288734436,1796,2.1769648967310786,0.2,-0.009634084170102142,0.04494061,0.29669189453125,-1.36631472222507,0.0003,,
104.65,128,1208,-5.551000000000001,3140192,38,0.6666145324707031,0.5945554971694946,1800,2.2265470903366804,0.2,-0.013467221986502409,0.045681834,0.3218994140625,-1.4384290855377913,0.0003,,
101.3,129,1234,-5.0201,3144288,39,0.6713527143001556,0.33282679319381714,1804,1.8259215699508786,0.2,-0.014537556577124633,0.046780262,0.34405517578125,-1.430970536544919,0.0003,,
,,,,3144544,,0.7001698315143585,0.5365079641342163,1808,1.927770096808672,0.2,-0.015198698180029169,0.038097065,0.3092041015625,-1.3388736117631197,0.0003,145.6,-13.0612
106.82,128,1276,-6.024340000000002,3148384,40,,,,,,,,,,,,
116.58,128,1308,-7.8224599999999995,3152480,41,0.7185990214347839,0.4598456919193268,1812,1.7562896814197302,0.2,-0.009201772962114774,0.03826696,0.2828369140625,-1.4571556877344847,0.0003,,
114.04,127,1346,-7.486279999999999,3156576,42,0.7715389877557755,0.5222316980361938,1816,2.070027546957135,0.2,-0.017735792338498868,0.044467866,0.306884765625,-1.3392732739448547,0.0003,,
100.58,127,1386,-4.93566,3160672,43,0.6787274479866028,0.7293764352798462,1820,2.450821816921234,0.2,-0.01082030801626388,0.03866689,0.29034423828125,-1.3832296337932348,0.0003,,
,,,,3164544,,0.7358948886394501,0.460757851600647,1824,2.160420031286776,0.2,-0.013295067212311551,0.04679711,0.30224609375,-1.4145582560449839,0.0003,147.8,-12.7096
91.52,125,1438,-2.9986400000000004,3164768,44,,,,,,,,,,,,
97.26,124,1474,-4.35892,3168864,45,0.7234908640384674,0.4691207706928253,1828,2.0910244677215815,0.2,-0.018417732120724395,0.05320296,0.30816650390625,-1.3125688582658768,0.0003,,
100.07,125,1506,-4.65894,3172960,46,0.7268567681312561,0.46537718176841736,1832,1.9831570163369179,0.2,-0.012667064780544024,0.044336542,0.29754638671875,-1.3477243222296238,0.0003,,
115.04,125,1536,-7.205479999999999,3177056,47,0.732234537601471,0.6881870031356812,1836,2.0674130683764815,0.2,-0.01421468227636069,0.041264035,0.30694580078125,-1.3489592131227255,0.0003,,
102.47,125,1566,-4.984639999999999,3181152,48,0.6634590923786163,0.8366004824638367,1840,2.518279481679201,0.2,-0.011699857874191366,0.04101302,0.2850341796875,-1.4167926851660013,0.0003,,
,,,,3184544,,0.7211256325244904,0.5026811957359314,1844,2.4484857749193907,0.2,-0.01135125695145689,0.04647476,0.2890625,-1.2599214147776365,0.0003,144.8,-13.407600000000002
106.61,124,1613,-5.7770199999999985,3185248,49,,,,,,,,,,,,
102.48,124,1644,-4.93226,3189344,50,0.7331878244876862,0.677734375,1848,1.8795838532969356,0.2,-0.016336114389559953,0.03586245,0.28228759765625,-1.2145522311329842,0.0003,,
114.12,124,1674,-7.328639999999999,3193440,51,0.6923384368419647,0.3978467881679535,1852,1.7566284788772464,0.2,-0.01818849434494041,0.04889638,0.32196044921875,-1.291469132527709,0.0003,,
104.36,124,1707,-5.43852,3197536,52,0.7088550329208374,0.6766390800476074,1856,2.050577376037836,0.2,-0.01508402060426306,0.054417957,0.30841064453125,-1.3241503667086363,0.0003,,
117.94,124,1738,-8.010380000000003,3201632,53,0.7248415648937225,0.6848026514053345,1860,2.5826826645061374,0.2,-0.01319171444629319,0.04317974,0.315185546875,-1.3867549858987331,0.0003,,
,,,,3204544,,0.7100786566734314,0.3347240090370178,1864,1.5799652794376016,0.2,-0.007761717090033926,0.045477465,0.30218505859375,-1.3410997949540615,0.0003,145.2,-13.410400000000001
118.55,123,1788,-8.1021,3205728,54,,,,,,,,,,,,
126.07,123,1817,-9.621239999999998,3209824,55,0.743154376745224,0.6209195852279663,1868,1.5089286351576447,0.2,-0.006781831631087698,0.041399404,0.32684326171875,-1.4912323709577322,0.0003,,
116.63,124,1848,-7.665159999999998,3213920,56,0.6738723814487457,0.7215926647186279,1872,2.163226591423154,0.2,-0.014535901776980609,0.03806171,0.303955078125,-1.3598655741661787,0.0003,,
109.03,124,1878,-5.891159999999998,3218016,57,0.6253722012042999,0.7110175490379333,1876,2.8133541885763407,0.2,-0.015893414893071167,0.04238107,0.29296875,-1.418628653511405,0.0003,,
117.9,124,1908,-7.534800000000001,3222112,58,0.7241072356700897,0.7193812727928162,1880,2.4331279434263706,0.2,-0.01118029176723212,0.045926135,0.292724609375,-1.2276800535619259,0.0003,,
,,,,3224544,,0.5683858096599579,0.6829561591148376,1884,2.3673381451517344,0.2,-0.01060057690483518,0.053866006,0.2691650390625,-1.180057929828763,0.0003,145.0,-12.406
119.98,123,1958,-7.917460000000001,3226208,59,,,,,,,,,,,,
115.77,123,1991,-7.24864,3230304,60,0.6884767413139343,0.6777791380882263,1888,2.173828930594027,0.2,-0.010371557073085569,0.046257816,0.3037109375,-1.315554928034544,0.0003,,
100.48,123,2023,-4.68066,3234400,61,0.7504884600639343,0.9007073640823364,1892,2.2524721939116716,0.2,-0.016315619948727544,0.049429268,0.303955078125,-1.3450865037739277,0.0003,,
97.8,123,2058,-4.4681999999999995,3238496,62,0.7121565937995911,0.7309705018997192,1896,2.7092078011482954,0.2,-0.009872074573650025,0.04070499,0.29296875,-1.3393117431551218,0.0003,,
102.78,123,2090,-5.22836,3242592,63,0.7298858165740967,0.6767182946205139,1900,2.4526270888745785,0.2,-0.009322835932835005,0.042340744,0.32452392578125,-1.3512160200625658,0.0003,,
,,,,3244544,,0.6772593557834625,0.6211187839508057,1904,2.133954740129411,0.2,-0.012669635376369115,0.047812987,0.32061767578125,-1.4001573342829943,0.0003,180.0,-19.36
99.81,122,2141,-4.403620000000001,3246688,64,,,,,,,,,,,,
104.27,122,2171,-5.241039999999999,3250784,65,0.7176144123077393,0.7280964255332947,1908,2.115284737199545,0.2,-0.008992604693048634,0.046265773,0.28204345703125,-1.269899433478713,0.0003,,
104.16,122,2202,-5.535920000000001,3254880,66,0.7294742166996002,0.9261310696601868,1912,1.9364847429096699,0.2,-0.014204510225681588,0.055809468,0.31219482421875,-1.3707622308284044,0.0003,,
104.14,122,2234,-5.24068,3258976,67,0.7467864453792572,0.46728500723838806,1916,1.771440764889121,0.2,-0.00967643795593176,0.03629197,0.27032470703125,-1.2680084854364395,0.0003,,
112.0,122,2270,-6.546800000000002,3263072,68,0.7178371846675873,0.49035999178886414,1920,1.866893071681261,0.2,-0.011293180563370697,0.041324727,0.2952880859375,-1.3467881381511688,0.0003,,
,,,,3264544,,0.6938256621360779,0.5126819014549255,1924,1.7714709229767323,0.2,-0.012700910665444098,0.05064262,0.3189697265625,-1.4392347894608974,0.0003,112.4,-7.752799999999999
115.43,121,2319,-7.33096,3267168,69,,,,,,,,,,,,
122.73,121,2351,-8.634360000000001,3271264,70,0.5683868229389191,0.45731261372566223,1928,1.7883804319426417,0.2,-0.010360153151850682,0.040867746,0.32550048828125,-1.3908893689513206,0.0003,,
123.96,121,2385,-8.98132,3275360,71,0.6683211028575897,0.7270700335502625,1932,2.052078239619732,0.2,-0.016500177611305844,0.038808133,0.294677734375,-1.4066176768392324,0.0003,,
124.23,122,2414,-8.91336,3279456,72,0.6506419479846954,0.3481591045856476,1936,1.7610399117693305,0.2,-0.01830483484081924,0.047415912,0.328369140625,-1.4260376896709204,0.0003,,
122.98,122,2444,-8.50716,3283552,73,0.6355723142623901,0.4005625247955322,1940,1.6502605825662613,0.2,-0.010919117514276877,0.040027946,0.28271484375,-1.5168721042573452,0.0003,,
,,,,3284544,,0.5974576473236084,0.44825074076652527,1944,2.330837327055633,0.2,-0.014797624025959522,0.045311756,0.29766845703125,-1.3338664546608925,0.0003,111.0,-6.566
115.0,121,2493,-6.9946,3287648,74,,,,,,,,,,,,
115.56,121,2518,-7.076820000000001,3291744,75,0.7439856827259064,0.7844746708869934,1948,2.0354898776859045,0.2,-0.017281532600463834,0.039088532,0.27996826171875,-1.438681025058031,0.0003,,
114.4,122,2542,-7.0298,3295840,76,0.5759614408016205,0.670895516872406,1952,2.2803019108250737,0.2,-0.017585351946763694,0.036755398,0.306884765625,-1.4754874873906374,0.0003,,
105.26,122,2567,-5.582019999999999,3299936,77,0.6607866585254669,0.5985336303710938,1956,2.1951751094311476,0.2,-0.010960218409309164,0.04334265,0.2882080078125,-1.2292192354798317,0.0003,,
110.34,123,2592,-6.456680000000001,3304032,78,0.6498612463474274,0.4829206168651581,1960,2.431857534684241,0.2,-0.012412676347594243,0.042779528,0.281005859375,-1.3287175633013248,0.0003,,
,,,,3304544,,0.63033327460289,0.6176332831382751,1964,2.0674440683797,0.2,-0.014282415955676697,0.04378235,0.310791015625,-1.4157322756946087,0.0003,145.0,-12.398
115.79,122,2634,-7.51048,3308128,79,,,,,,,,,,,,
110.67,123,2659,-6.5551400000000015,3312224,80,0.7300828993320465,0.8289076089859009,1968,1.8981132414191961,0.2,-0.015851909440243617,0.04900553,0.311279296875,-1.4690956715494394,0.0003,,
98.8,123,2684,-4.619200000000001,3316320,81,0.7376516759395599,0.5585624575614929,1972,2.3114452231675386,0.2,-0.012380103566101752,0.03884738,0.279052734375,-1.341324893757701,0.0003,,
98.13,124,2708,-4.38446,3320416,82,0.6862001419067383,0.5721316933631897,1976,2.374971126206219,0.2,-0.01576314259727951,0.04522326,0.28558349609375,-1.3336746394634247,0.0003,,
105.06,124,2733,-5.89172,3324512,83,0.7679705023765564,0.7454943060874939,1980,1.7675779201090336,0.2,-0.014824463425611611,0.043531783,0.32525634765625,-1.4591642618179321,0.0003,,
,,,,3324544,,0.6037929952144623,0.5274290442466736,1984,1.8182716211304069,0.2,-0.01798304377007298,0.04514798,0.33599853515625,-1.4305026642978191,0.0003,109.4,-6.3768
116.29,124,2773,-7.52068,3328608,84,,,,,,,,,,,,
117.85,124,2798,-7.8107,3332704,85,0.6989915370941162,0.38623055815696716,1988,1.8368355827406049,0.2,-0.014621355396229774,0.040900983,0.31158447265625,-1.4073445294052362,0.0003,,
112.33,124,2824,-6.496759999999999,3336800,86,0.6747934520244598,0.696649432182312,1992,2.011550210416317,0.2,-0.018823603524651844,0.03694864,0.284423828125,-1.259947070851922,0.0003,,
105.4,124,2850,-5.4634,3340896,87,0.6763097643852234,0.639759361743927,1996,2.1352622266858816,0.2,-0.0196291559987003,0.041829873,0.3260498046875,-1.4101346787065268,0.0003,,
,,,,3344544,,0.6935850083827972,0.5176844596862793,2000,2.127161375246942,0.2,-0.015253769197443034,0.037760243,0.27740478515625,-1.2966989055275917,0.0003,180.0,-19.996000000000002
97.25,124,2898,-4.0857,3344992,88,,,,,,,,,,,,
98.64,124,2925,-4.261780000000001,3349088,89,0.7161917686462402,0.5594090223312378,2004,2.2254892578348517,0.2,-0.01899180419422919,0.037109625,0.28021240234375,-1.306717423722148,0.0003,,
106.09,124,2951,-5.55668,3353184,90,0.7040612399578094,0.8700520992279053,2008,2.4557399582117796,0.2,-0.013250206349766813,0.03953666,0.2900390625,-1.4016035441309214,0.0003,,
104.28,125,2977,-5.20146,3357280,91,0.6359192132949829,1.102116584777832,2012,2.738648248836398,0.2,-0.011259345657890663,0.04478468,0.30877685546875,-1.419353798031807,0.0003,,
111.65,125,3011,-6.434,3361376,92,0.7315562069416046,0.7498388886451721,2016,2.2628472708165646,0.2,-0.021552422287641093,0.050248004,0.3323974609375,-1.424900408834219,0.0003,,
,,,,3364544,,0.6465964615345001,0.3922988176345825,2020,2.083770526573062,0.2,-0.013910750058130361,0.04938165,0.33050537109375,-1.4092342779040337,0.0003,110.2,-6.986400000000001
99.19,124,3057,-4.41768,3365472,93,,,,,,,,,,,,
102.73,124,3086,-5.28016,3369568,94,0.7408289611339569,0.7190852761268616,2024,1.9157202132046223,0.2,-0.012789021347998641,0.03596126,0.2799072265625,-1.2685698550194502,0.0003,,
106.61,124,3117,-6.08792,3373664,95,0.7188838720321655,0.5687215328216553,2028,2.126211446709931,0.2,-0.01672020708792843,0.04533885,0.35198974609375,-1.4875505231320858,0.0003,,
103.53,124,3147,-5.43496,3377760,96,0.7234092056751251,0.585221529006958,2032,2.0072704777121544,0.2,-0.0162168540264247,0.041255746,0.2900390625,-1.4117795582860708,0.0003,,
100.86,125,3176,-4.92702,3381856,97,0.6023367643356323,0.6988800764083862,2036,2.361465957015753,0.2,-0.012775516850524582,0.042390488,0.29193115234375,-1.495232604444027,0.0003,,
,,,,3384544,,0.7287714183330536,0.531300961971283,2040,1.6244929302483797,0.2,-0.011963674463913776,0.0382293,0.27642822265625,-1.3499191869050264,0.0003,146.0,-13.511999999999997
103.21,124,3226,-5.25972,3385952,98,,,,,,,,,,,,
110.76,124,3256,-6.499419999999999,3390048,99,0.6844042241573334,0.7466415762901306,2044,2.441207422874868,0.2,-0.010029457160271704,0.035185754,0.290283203125,-1.4022365733981133,0.0003,,
107.18,124,3288,-6.077060000000001,3394144,100,0.7019958198070526,0.569741427898407,2048,2.0902551086619496,0.2,-0.015832946315640584,0.041064784,0.28192138671875,-1.4694442301988602,0.0003,,
120.59,124,3316,-8.49488,3398240,101,0.7716493159532547,0.3584713935852051,2052,1.698661438189447,0.2,-0.01666105689946562,0.047488555,0.3094482421875,-1.4622673075646162,0.0003,,
120.13,124,3344,-8.453959999999999,3402336,102,0.7286517918109894,0.30294257402420044,2056,1.667398170568049,0.2,-0.019035265118873212,0.045457777,0.3277587890625,-1.635717909783125,0.0003,,
,,,,3404544,,0.6577935814857483,0.42200857400894165,2060,1.5642546266317368,0.2,-0.01589938223332865,0.042569153,0.3028564453125,-1.4330893140286207,0.0003,110.2,-6.978399999999999
122.12,124,3388,-8.58254,3406432,103,,,,,,,,,,,,
120.77,124,3416,-8.38184,3410528,104,0.66618612408638,0.5263678431510925,2064,2.2538751866668463,0.2,-0.01281582638330292,0.040769115,0.32232666015625,-1.329519683495164,0.0003,,
117.52,124,3444,-7.856339999999999,3414624,105,0.7115951478481293,0.543211817741394,2068,1.8084657043218613,0.2,-0.01522043337172363,0.040674638,0.29241943359375,-1.5427045617252588,0.0003,,
111.83,125,3473,-6.719060000000001,3418720,106,0.6455542743206024,0.3392028212547302,2072,1.6967457933351398,0.2,-0.012259339448064566,0.03935359,0.29595947265625,-1.5592519361525774,0.0003,,
104.87,125,3500,-5.38034,3422816,107,0.6861344277858734,0.7926514744758606,2076,2.2684898218140006,0.2,-0.018628320343850646,0.041010715,0.3160400390625,-1.4585340041667223,0.0003,,
,,,,3424544,,0.6751891076564789,0.4900190532207489,2080,2.089883948676288,0.2,-0.010978568505379371,0.040292542,0.30401611328125,-1.353002179414034,0.0003,180.0,-18.936
97.64,124,3553,-4.050979999999999,3426912,108,,,,,,,,,,,,
105.13,124,3582,-5.81296,3431008,109,0.683512419462204,0.3648633062839508,2084,2.2468303628265858,0.2,-0.011260872750426643,0.04005132,0.31695556640625,-1.442477758973837,0.0003,,
113.73,124,3611,-7.424760000000001,3435104,110,0.5140229761600494,0.5237061381340027,2088,1.8205336164683104,0.2,-0.01374282302276697,0.050433032,0.35650634765625,-1.5519492533057928,0.0003,,
115.68,124,3641,-7.485859999999999,3439200,111,0.6296806335449219,0.524910569190979,2092,1.887262050062418,0.2,-0.016237132716923952,0.041511137,0.29974365234375,-1.4563933834433556,0.0003,,
106.84,125,3669,-5.79418,3443296,112,0.6531791687011719,0.5690393447875977,2096,2.296057539060712,0.2,-0.010463688646268565,0.057141438,0.34442138671875,-1.3620219696313143,0.0003,,
,,,,3444544,,0.6861045658588409,0.7685319781303406,2100,2.442955456674099,0.2,-0.013057053969532717,0.04313107,0.30328369140625,-1.4763819891959429,0.0003,180.0,-19.375999999999998
110.91,124,3719,-6.354420000000001,3447392,113,,,,,,,,,,,,
113.9,124,3749,-6.716199999999998,3451488,114,0.6310907602310181,0.5228369235992432,2104,2.2276750905439258,0.2,-0.013234552141511813,0.039426353,0.2947998046875,-1.506670817732811,0.0003,,
117.35,124,3777,-7.553500000000001,3455584,115,0.5355286598205566,0.6081283092498779,2108,2.2987052854150534,0.2,-0.015322789011406712,0.039341778,0.3140869140625,-1.441757371649146,0.0003,,
116.14,124,3806,-7.465379999999999,3459680,116,0.5940234065055847,0.8432347178459167,2112,2.064650572836399,0.2,-0.008723828948859591,0.03756451,0.31280517578125,-1.4716235641390085,0.0003,,
112.59,124,3835,-6.98208,3463776,117,0.634387344121933,0.5428358912467957,2116,2.137564469128847,0.2,-0.013592811570561025,0.039217334,0.2987060546875,-1.4466929212212563,0.0003,,
,,,,3464544,,0.7243665456771851,0.3714613616466522,2120,1.8428200222551823,0.2,-0.015346271742600948,0.039783604,0.29449462890625,-1.4452377893030643,0.0003,145.2,-12.4244
104.71,124,3881,-5.504320000000002,3467872,118,,,,,,,,,,,,
116.19,124,3906,-7.6670799999999995,3471968,119,0.6151564419269562,0.4430842101573944,2124,1.9685367792844772,0.2,-0.011618856202403549,0.04679405,0.3404541015625,-1.4670356716960669,0.0003,,
120.09,124,3932,-8.35838,3476064,120,0.679967999458313,0.6080581545829773,2128,1.5572075489908457,0.2,-0.014478803568636067,0.045785792,0.34539794921875,-1.520070118829608,0.0003,,
115.03,125,3958,-7.316860000000002,3480160,121,0.5502862930297852,0.8107791543006897,2132,2.7460813876241446,0.2,-0.012368484793114476,0.03835373,0.30804443359375,-1.492706710472703,0.0003,,
104.57,125,3984,-5.587840000000001,3484256,122,0.659399539232254,0.7153141498565674,2136,2.2521079815924168,0.2,-0.013019379613979254,0.042491708,0.26702880859375,-1.375264910981059,0.0003,,
,,,,3484544,,0.6274119019508362,0.6897867321968079,2140,2.377054891549051,0.2,-0.012743475352181122,0.04036202,0.30010986328125,-1.4478875566273928,0.0003,180.0,-19.906
106.42,125,4030,-5.752539999999999,3488352,123,,,,,,,,,,,,
107.7,125,4056,-5.890700000000001,3492448,124,0.7018332779407501,0.49988511204719543,2144,2.314029125496745,0.2,-0.014636883868661243,0.045404457,0.3089599609375,-1.487768940627575,0.0003,,
110.96,125,4081,-6.426619999999999,3496544,125,0.7380666434764862,0.6260046362876892,2148,2.072253459133208,0.2,-0.013195555664424319,0.040321663,0.32110595703125,-1.4656645953655243,0.0003,,
117.61,125,4107,-7.366319999999999,3500640,126,0.6145667731761932,0.5833162665367126,2152,2.1195230036973953,0.2,-0.016632602324534673,0.04617428,0.35296630859375,-1.502082159742713,0.0003,,
,,,,3504544,,0.6758787631988525,0.5667784214019775,2156,1.8406890509650111,0.2,-0.013289625494508073,0.0417199,0.3052978515625,-1.513058364391327,0.0003,145.2,-12.424400000000002
120.02,125,4150,-7.961540000000001,3504736,127,,,,,,,,,,,,
112.34,125,4176,-6.602879999999999,3508832,128,0.755369558930397,0.518147885799408,2160,1.846277555450797,0.2,-0.014449946567765437,0.037563913,0.294921875,-1.4108770061284304,0.0003,,
100.72,125,4202,-4.72724,3512928,129,0.74147167801857,0.3121197819709778,2164,1.7429899061098695,0.2,-0.016239328218944138,0.041632146,0.30938720703125,-1.4626743737608194,0.0003,,
100.32,125,4227,-4.65204,3517024,130,0.7212832272052765,0.38498422503471375,2168,1.9670617748051882,0.2,-0.017260602733585984,0.037070423,0.30596923828125,-1.4662895165383816,0.0003,,
95.34,126,4254,-3.51248,3521120,131,0.6985280811786652,0.30037224292755127,2172,1.8907241709530354,0.2,-0.01535668148426339,0.049278248,0.32958984375,-1.5097070783376694,0.0003,,
,,,,3524544,,0.7449163496494293,0.5235688090324402,2176,2.2725030221045017,0.2,-0.015627231245161965,0.035162017,0.30126953125,-1.5230365451425314,0.0003,147.2,-13.1684
102.76,125,4297,-5.20522,3525216,132,,,,,,,,,,,,
111.6,126,4323,-6.764600000000001,3529312,133,0.6827990710735321,0.8886502385139465,2180,2.0140256881713867,0.2,-0.015905923035461456,0.03757145,0.31341552734375,-1.488759871572256,0.0003,,
119.66,126,4349,-8.39862,3533408,134,0.6942847967147827,0.3713354468345642,2184,1.6297073876485229,0.2,-0.020768312948348466,0.0426694,0.318359375,-1.5883232820779085,0.0003,,
113.75,126,4374,-7.0867,3537504,135,0.6515413522720337,0.5440686345100403,2188,1.7097042556852102,0.2,-0.016060933441622183,0.043222483,0.31536865234375,-1.5089712049812078,0.0003,,
103.67,126,4400,-5.248240000000001,3541600,136,0.6315855383872986,0.48733994364738464,2192,2.1002983301877975,0.2,-0.017458597023505718,0.040031977,0.29022216796875,-1.451297253370285,0.0003,,
,,,,3544544,,0.7855066806077957,0.46502164006233215,2196,1.6231963448226452,0.2,-0.014426180976442993,0.03684996,0.299560546875,-1.4454877879470587,0.0003,180.0,-19.892
106.06,126,4444,-5.93682,3545696,137,,,,,,,,,,,,
109.48,126,4469,-6.450660000000002,3549792,138,0.7322612106800079,0.5143607258796692,2200,1.756284475326538,0.2,-0.01943037765158806,0.041010737,0.28125,-1.4731823150068521,0.0003,,
113.95,126,4494,-7.328200000000001,3553888,139,0.7212232351303101,0.7367969751358032,2204,2.080032772384584,0.2,-0.017101176257710904,0.04191096,0.30181884765625,-1.4877878595143557,0.0003,,
115.7,126,4519,-7.545599999999999,3557984,140,0.6611672937870026,0.6864063143730164,2208,1.8348731147125363,0.2,-0.015947072330163792,0.04294006,0.28863525390625,-1.3853207752108574,0.0003,,
114.65,127,4544,-7.1652,3562080,141,0.7164261341094971,0.6451289653778076,2212,2.057410255074501,0.2,-0.01213742236723192,0.03453182,0.28265380859375,-1.4318333510309458,0.0003,,
,,,,3564544,,0.6988140642642975,0.7998093366622925,2216,2.720994772389531,0.2,-0.012702004409220535,0.039556734,0.2872314453125,-1.326655250042677,0.0003,144.4,-12.3288
115.93,126,4586,-7.13196,3566176,142,,,,,,,,,,,,
114.15,127,4611,-6.997800000000001,3570272,143,0.7464431524276733,0.681435763835907,2220,1.6443394413217902,0.2,-0.011453528328274842,0.036660984,0.28546142578125,-1.4257387835532427,0.0003,,
118.24,127,4637,-7.839080000000001,3574368,144,0.6836019456386566,0.7196959853172302,2224,2.1129653975367546,0.2,-0.017097073898185045,0.039860606,0.263671875,-1.3266754690557718,0.0003,,
116.9,127,4661,-7.857499999999999,3578464,145,0.6444096863269806,0.6696879863739014,2228,2.0460809748619795,0.2,-0.01626254533766769,0.039709967,0.297119140625,-1.4440078623592854,0.0003,,
117.99,127,4686,-7.9600800000000005,3582560,146,0.6823282241821289,0.4515499472618103,2232,1.6709165843203664,0.2,-0.01803004098474048,0.039676644,0.3111572265625,-1.466749895364046,0.0003,,
,,,,3584544,,0.76087386906147,0.4051778018474579,2236,2.049124689772725,0.2,-0.015262168381013907,0.043900035,0.26220703125,-1.344882044941187,0.0003,76.2,-1.6524000000000005
121.89,127,4725,-8.75708,3586656,147,,,,,,,,,,,,
112.11,127,4753,-6.89612,3590752,148,0.6715291440486908,0.5718867778778076,2240,2.0094374623149633,0.2,-0.013564854059950449,0.044803828,0.3111572265625,-1.496745117008686,0.0003,,
110.15,127,4782,-6.756500000000001,3594848,149,0.693620890378952,0.6365146040916443,2244,2.0375156458467245,0.2,-0.01589751013671048,0.045420848,0.33343505859375,-1.5095906145870686,0.0003,,
109.62,127,4811,-6.614139999999997,3598944,150,0.6385888159275055,0.751082181930542,2248,2.3323885276913643,0.2,-0.012254834960913286,0.037217736,0.30755615234375,-1.4459451530128717,0.0003,,
114.7,127,4846,-7.427500000000001,3603040,151,0.6783053278923035,0.6549457311630249,2252,2.2035569166764617,0.2,-0.01411172639200231,0.043140262,0.2801513671875,-1.386392394080758,0.0003,,
,,,,3604544,,0.6267915368080139,0.9429942965507507,2256,2.4629132011905313,0.2,-0.011307377666526008,0.0331005,0.2806396484375,-1.392525216564536,0.0003,180.0,-18.868000000000002
112.63,127,4894,-7.018360000000001,3607136,152,,,,,,,,,,,,
120.97,127,4922,-8.52534,3611232,153,0.6523240208625793,0.6186009049415588,2260,2.226653098128736,0.2,-0.016263870624243282,0.037201986,0.3089599609375,-1.4774510506540537,0.0003,,
119.96,127,4951,-8.31592,3615328,154,0.5757806599140167,0.6510677933692932,2264,1.9103185907006264,0.2,-0.011284772786893882,0.03643268,0.28533935546875,-1.4532835893332958,0.0003,,
110.65,127,4979,-6.311999999999999,3619424,155,0.6893495917320251,0.8745290637016296,2268,2.4262794759124517,0.2,-0.015566122739983257,0.045521267,0.32952880859375,-1.4574291426688433,0.0003,,
112.5,127,5008,-6.711799999999999,3623520,156,0.6289160251617432,0.6135851144790649,2272,2.449150037020445,0.2,-0.013152192965208087,0.03938566,0.308349609375,-1.4680220019072294,0.0003,,
,,,,3624544,,0.6610953509807587,0.4397428631782532,2276,1.6728393724188209,0.2,-0.011495212092995644,0.04199816,0.3056640625,-1.4436226785182953,0.0003,180.0,-19.398
109.21,127,5061,-6.35692,3627616,157,,,,,,,,,,,,
112.28,127,5090,-6.91606,3631712,158,0.6207747757434845,0.42851585149765015,2280,2.289490455761552,0.2,-0.012320887784881052,0.04399991,0.318115234375,-1.421489192172885,0.0003,,
100.8,127,5119,-4.8989,3635808,159,0.6862702965736389,0.6072254776954651,2284,2.150758515112102,0.2,-0.014151363029668573,0.037414156,0.29547119140625,-1.3821800779551268,0.0003,,
100.73,127,5149,-4.5884599999999995,3639904,160,0.6757394969463348,0.6748068332672119,2288,2.405092177912593,0.2,-0.015357811564172152,0.03645167,0.29302978515625,-1.3458514660596848,0.0003,,
103.32,127,5177,-5.163340000000001,3644000,161,0.7003121376037598,0.6628130674362183,2292,2.341283030807972,0.2,-0.016153710545040667,0.034096003,0.2777099609375,-1.4692581724375486,0.0003,,
,,,,3644544,,0.7112032771110535,0.8615162372589111,2296,1.9886689204722643,0.2,-0.015566643516649492,0.044494957,0.30853271484375,-1.4616133011877537,0.0003,144.6,-12.8632
115.28,126,5225,-7.506759999999999,3648096,162,,,,,,,,,,,,
123.76,127,5255,-9.34822,3652192,163,0.5842019021511078,0.4426271319389343,2300,1.555351729504764,0.2,-0.019215162392356433,0.0411947,0.34283447265625,-1.527723204344511,0.0003,,
130.95,127,5283,-10.5133,3656288,164,0.6311822831630707,0.6023539304733276,2304,1.614927683956921,0.2,-0.009661526848503854,0.04157634,0.31787109375,-1.3748179897665977,0.0003,,
122.54,127,5311,-8.61748,3660384,165,0.6880211234092712,0.7442318201065063,2308,2.139705752953887,0.2,-0.01566858417209005,0.042132765,0.32293701171875,-1.4520659316331148,0.0003,,
116.07,127,5336,-7.165139999999999,3664480,166,0.7036629319190979,0.2930724024772644,2312,1.9588575791567564,0.2,-0.01892859163490357,0.039529838,0.29742431640625,-1.3864940498024225,0.0003,,
,,,,3664544,,0.6738166511058807,0.774471640586853,2316,1.810743348672986,0.2,-0.004727351413748693,0.037798215,0.3070068359375,-1.3711021542549133,0.0003,145.2,-12.4224
111.85,127,5379,-6.497499999999999,3668576,167,,,,,,,,,,,,
105.65,127,5404,-5.4869,3672672,168,0.661341667175293,1.1797232627868652,2320,2.6001659519970417,0.2,-0.010601298825349659,0.033775706,0.28302001953125,-1.4100451152771711,0.0003,,
108.34,127,5429,-5.899779999999998,3676768,169,0.6535018384456635,0.7341508865356445,2324,2.1606601802632213,0.2,-0.006441384306526743,0.036609486,0.28131103515625,-1.353462303057313,0.0003,,
110.05,127,5454,-6.1987,3680864,170,0.7853334099054337,0.5261861085891724,2328,1.87161953933537,0.2,-0.017555824801092967,0.043158248,0.326171875,-1.4704724047333002,0.0003,,
,,,,3684544,,0.7722675055265427,0.6120840311050415,2332,2.1425952538847923,0.2,-0.018108372620190494,0.039034974,0.28961181640625,-1.519423307850957,0.0003,180.0,-18.857999999999997
115.52,127,5499,-7.118840000000001,3684960,171,,,,,,,,,,,,
101.57,127,5527,-4.86494,3689056,172,0.6140595972537994,0.6310036182403564,2336,2.5242841774597764,0.2,-0.016855922935064882,0.039775617,0.3072509765625,-1.4154671244323254,0.0003,,
106.7,127,5556,-5.8069999999999995,3693152,173,0.7582830786705017,0.489183247089386,2340,1.9648558516055346,0.2,-0.020241059115505777,0.047989473,0.299560546875,-1.3451564759016037,0.0003,,
107.86,127,5586,-6.2041200000000005,3697248,174,0.7425041794776917,0.5238319039344788,2344,2.1077247578650713,0.2,-0.020222927822032943,0.04148435,0.27850341796875,-1.1667875107377768,0.0003,,
104.72,127,5616,-5.274640000000001,3701344,175,0.6956395506858826,0.5453975200653076,2348,2.026286454871297,0.2,-0.012177698219602462,0.03977958,0.28692626953125,-1.3645305633544922,0.0003,,
,,,,3704544,,0.7273744940757751,0.9342943429946899,2352,2.725585611537099,0.2,-0.014843831399048213,0.038673215,0.3038330078125,-1.401540394872427,0.0003,112.4,-7.212800000000001
101.54,127,5660,-4.62638,3705440,176,,,,,,,,,,,,
99.92,127,5688,-4.48484,3709536,177,0.6764999330043793,0.5275463461875916,2356,2.006571127101779,0.2,-0.014709844559547491,0.038053907,0.2982177734375,-1.3930192831903696,0.0003,,
104.0,127,5717,-5.588100000000001,3713632,178,0.6480464041233063,0.5939768552780151,2360,2.0149900931864977,0.2,-0.01475328613014426,0.049301956,0.29095458984375,-1.3549435678869486,0.0003,,
109.79,127,5746,-6.618379999999999,3717728,179,0.6703540980815887,0.48253822326660156,2364,2.3119443207979202,0.2,-0.0113177681050729,0.034001283,0.26708984375,-1.2652319055050611,0.0003,,
108.11,127,5775,-6.273820000000001,3721824,180,0.7477135956287384,0.6329876780509949,2368,1.8002319680526853,0.2,-0.019262072069977876,0.042105876,0.2889404296875,-1.2644772808998823,0.0003,,
,,,,3724544,,0.8283824324607849,0.49880483746528625,2372,1.9881226792931557,0.2,-0.013884700500057079,0.04233162,0.302001953125,-1.3706627506762743,0.0003,180.0,-19.907999999999998
117.14,127,5820,-7.837680000000001,3725920,181,,,,,,,,,,,,
113.12,127,5846,-7.134040000000002,3730016,182,0.6682107746601105,0.7605403065681458,2376,2.1093637235462666,0.2,-0.017922018640092574,0.040628187,0.29400634765625,-1.504275731742382,0.0003,,
116.65,127,5872,-7.5520000000000005,3734112,183,0.6772381961345673,0.45738154649734497,2380,1.942089717835188,0.2,-0.011905619736353401,0.044465847,0.29229736328125,-1.3352372832596302,0.0003,,
104.83,127,5897,-5.544759999999999,3738208,184,0.6776263117790222,0.7610031962394714,2384,2.4314379077404737,0.2,-0.012550813728012145,0.031126816,0.25341796875,-1.2652341686189175,0.0003,,
95.46,127,5923,-3.9673199999999995,3742304,185,0.7430225014686584,0.5285887718200684,2388,2.1448116954416037,0.2,-0.014173313778883312,0.03882835,0.271728515625,-1.3955994043499231,0.0003,,
,,,,3744544,,0.742540031671524,0.956264853477478,2392,2.7676900383085012,0.2,-0.019667743414174765,0.057022616,0.30462646484375,-1.3528490960597992,0.0003,146.4,-13.0688
95.55,127,5966,-3.6965999999999997,3746400,186,,,,,,,,,,,,
104.08,127,5992,-5.23516,3750496,187,0.6773183643817902,0.3494093716144562,2396,1.7316580982878804,0.2,-0.010193676105700433,0.06106069,0.280517578125,-1.3556026462465525,0.0003,,
112.76,127,6017,-6.9614199999999995,3754592,188,0.7801471799612045,0.6399966478347778,2400,1.932630673982203,0.2,-0.007363739918218926,0.042000007,0.30047607421875,-1.3663986455649137,0.0003,,
114.24,128,6046,-7.49878,3758688,189,0.6719548404216766,0.7231335043907166,2404,2.1332629695534706,0.2,-0.013252266551717184,0.033634543,0.2957763671875,-1.4806142803281546,0.0003,,
111.31,128,6076,-6.92332,3762784,190,0.6211786270141602,0.3603894114494324,2408,1.7571226293221116,0.2,-0.016461692765005864,0.041202985,0.2935791015625,-1.4212232306599617,0.0003,,
,,,,3764544,,0.6842662394046783,0.5932661294937134,2412,2.210047579370439,0.2,-0.015725817924248986,0.039267752,0.310302734375,-1.4198418948799372,0.0003,180.0,-19.384
118.14,127,6125,-7.947080000000002,3766880,191,,,,,,,,,,,,
118.11,127,6154,-7.803320000000002,3770976,192,0.5480010211467743,0.8615084290504456,2416,2.3135817935690284,0.2,-0.013776803571090568,0.046156432,0.30657958984375,-1.3225441295653582,0.0003,,
125.62,127,6183,-9.09434,3775072,193,0.6854372918605804,0.8183806538581848,2420,2.403179212473333,0.2,-0.01348920856253244,0.045898795,0.32305908203125,-1.3919724877923727,0.0003,,
117.17,127,6213,-7.568940000000001,3779168,194,0.694966048002243,0.8918757438659668,2424,2.399583937600255,0.2,-0.009956469417375047,0.040637136,0.30810546875,-1.4769638888537884,0.0003,,
111.72,127,6242,-6.53754,3783264,195,0.6529750525951385,0.5934444665908813,2428,2.0612101070582867,0.2,-0.013518203180865385,0.04095823,0.31121826171875,-1.5319377817213535,0.0003,,
,,,,3784544,,0.7625049203634262,0.667851448059082,2432,1.8705170014873147,0.2,-0.017577585036633536,0.046480484,0.3133544921875,-1.405731126666069,0.0003,180.0,-19.368000000000002
112.95,127,6293,-6.629700000000001,3787360,196,,,,,,,,,,,,
98.81,127,6322,-4.18122,3791456,197,0.686603307723999,0.6525171399116516,2436,2.3569649755954742,0.2,-0.018225819178042002,0.038290832,0.3045654296875,-1.3831550274044275,0.0003,,
109.57,127,6351,-6.277539999999999,3795552,198,0.7616279870271683,0.5690833330154419,2440,1.719153189100325,0.2,-0.01830942666856572,0.045200303,0.29608154296875,-1.330215260386467,0.0003,,
113.37,127,6380,-7.032539999999999,3799648,199,0.6894404292106628,0.6187566518783569,2444,1.8084890954196453,0.2,-0.014136946119833738,0.04137644,0.30096435546875,-1.4105414189398289,0.0003,,
120.83,127,6409,-8.36786,3803744,200,0.6794098019599915,0.6646809577941895,2448,2.099697862751782,0.2,-0.015101191696885508,0.046088763,0.31036376953125,-1.4976907037198544,0.0003,,
,,,,3804544,,0.6733688414096832,0.7089802026748657,2452,1.9997360343113542,0.2,-0.013539929743274115,0.041908946,0.3056640625,-1.4441554229706526,0.0003,180.0,-18.994
119.92,127,6459,-8.213239999999999,3807840,201,,,,,,,,,,,,
111.15,127,6490,-6.772700000000001,3811936,202,0.6563076078891754,0.4807704985141754,2456,2.0834084134548903,0.2,-0.014002706891915295,0.04820954,0.304443359375,-1.3858269676566124,0.0003,,
107.54,127,6519,-5.9836800000000006,3816032,203,0.6449171006679535,0.6385453939437866,2460,2.072632011026144,0.2,-0.020937772198521998,0.043145888,0.3248291015625,-1.4519959967583418,0.0003,,
99.55,127,6549,-4.3201,3820128,204,0.64048832654953,0.6740164756774902,2464,2.186448357999325,0.2,-0.017856823520560283,0.044295117,0.29620361328125,-1.40907665155828,0.0003,,
96.29,127,6579,-3.9086800000000004,3824224,205,0.7480198442935944,1.0044164657592773,2468,2.4599312860518694,0.2,-0.016483037681609858,0.038962886,0.287109375,-1.2595849893987179,0.0003,,
,,,,3824544,,0.6327045261859894,0.46659407019615173,2472,2.3080461230129004,0.2,-0.014126527603366412,0.040717065,0.28741455078125,-1.3922876808792353,0.0003,145.8,-13.017599999999998
110.62,127,6627,-6.381239999999999,3828320,206,,,,,,,,,,,,
117.18,127,6656,-7.74496,3832416,207,0.6970078349113464,0.37423983216285706,2476,1.6195686710998416,0.2,-0.019413748450460844,0.04504852,0.298095703125,-1.3793431669473648,0.0003,,
113.82,127,6687,-7.17334,3836512,208,0.6536573171615601,0.7494784593582153,2480,2.046028546988964,0.2,-0.017608464069780894,0.040063627,0.28118896484375,-1.3980525508522987,0.0003,,
107.57,127,6716,-6.02804,3840608,209,0.591288685798645,0.4658797085285187,2484,2.3673981288447976,0.2,-0.017756527849996928,0.04086165,0.28466796875,-1.3645069636404514,0.0003,,
,,,,3844544,,0.7383919954299927,0.5922896265983582,2488,1.9737214855849743,0.2,-0.012518908566562459,0.039027676,0.27459716796875,-1.327738644555211,0.0003,180.0,-19.898
116.95,127,6764,-7.7057,3844704,210,,,,,,,,,,,,
120.4,127,6794,-8.429900000000002,3848800,211,0.5743697285652161,0.6176918148994446,2492,1.7992736138403416,0.2,-0.013795060665870551,0.035952285,0.28570556640625,-1.4376001711934805,0.0003,,
113.8,127,6822,-7.0760000000000005,3852896,212,0.6955331265926361,0.623873233795166,2496,1.7488738428801298,0.2,-0.014692343036585953,0.031838164,0.27313232421875,-1.3542141690850258,0.0003,,
100.69,127,6847,-4.5038800000000005,3856992,213,0.6985103189945221,0.5647951364517212,2500,2.029402196407318,0.2,-0.01403377693350194,0.03782204,0.29742431640625,-1.4047959968447685,0.0003,,
108.22,127,6873,-5.882839999999999,3861088,214,0.6990512311458588,0.5739955902099609,2504,2.380298964679241,0.2,-0.01603003707714379,0.034261253,0.28607177734375,-1.3201023433357477,0.0003,,
,,,,3864544,,0.6959608793258667,0.4629162549972534,2508,1.9549788059666753,0.2,-0.013411948806606233,0.08325651,0.29144287109375,-1.3613094873726368,0.0003,110.2,-6.4644
107.73,127,6913,-6.204159999999999,3865184,215,,,,,,,,,,,,
105.57,127,6939,-5.8746399999999985,3869280,216,0.6611053049564362,0.5213189125061035,2512,2.049648445099592,0.2,-0.01215697009320138,0.044782363,0.28570556640625,-1.3070410694926977,0.0003,,
106.24,127,6965,-5.8476799999999995,3873376,217,0.7186937928199768,0.624856173992157,2516,2.039845391176641,0.2,-0.016989058611216024,0.03912761,0.3006591796875,-1.4134607203304768,0.0003,,
110.83,127,6991,-6.70656,3877472,218,0.7453132569789886,0.5188663601875305,2520,1.9665333637967706,0.2,-0.015448366175405681,0.037329584,0.2996826171875,-1.4002559781074524,0.0003,,
99.42,127,7018,-4.757140000000001,3881568,219,0.6599741578102112,0.842761754989624,2524,2.099769100546837,0.2,-0.012508909334428608,0.033684045,0.26092529296875,-1.2983240187168121,0.0003,,
,,,,3884544,,0.7127885520458221,0.6312190890312195,2528,2.4104526974260807,0.2,-0.013167996221454814,0.033370886,0.27130126953125,-1.2621467392891645,0.0003,147.8,-13.7416
100.63,127,7062,-4.751659999999999,3885664,220,,,,,,,,,,,,
103.17,127,7091,-5.374039999999999,3889760,221,0.7848418802022934,0.5600191354751587,2532,1.7738779848441482,0.2,-0.01650922749831807,0.036154144,0.26434326171875,-1.3062679450958967,0.0003,,
108.06,127,7120,-6.209620000000001,3893856,222,0.6187768578529358,0.46871259808540344,2536,1.8991303415969014,0.2,-0.019351727911271155,0.044763744,0.31280517578125,-1.4237567018717527,0.0003,,
92.35,127,7150,-3.3632999999999993,3897952,223,0.7552894502878189,0.6810386776924133,2540,1.9818457774817944,0.2,-0.009694056992884725,0.037879787,0.3153076171875,-1.3495933078229427,0.0003,,
100.73,127,7180,-4.75926,3902048,224,0.6630282700061798,0.4289947748184204,2544,2.4666720032691956,0.2,-0.010185477782215457,0.040524416,0.30255126953125,-1.3329765982925892,0.0003,,
,,,,3904544,,0.6267860233783722,0.5377369523048401,2548,2.2670525200664997,0.2,-0.013274161639856175,0.03801771,0.2603759765625,-1.2994970753788948,0.0003,145.6,-12.991199999999997
97.3,127,7227,-4.100199999999999,3906144,225,,,,,,,,,,,,
107.58,127,7257,-6.0693600000000005,3910240,226,0.6108740866184235,0.5168641805648804,2552,2.7025178261101246,0.2,-0.012680020423431415,0.040398497,0.2884521484375,-1.3609714806079865,0.0003,,
106.11,127,7285,-5.92342,3914336,227,0.7315884828567505,0.8408547043800354,2556,1.8446229603141546,0.2,-0.012405796362145338,0.04342323,0.2882080078125,-1.3317498657852411,0.0003,,
110.53,127,7315,-6.53716,3918432,228,0.6556136906147003,0.8730313181877136,2560,2.3940029200166464,0.2,-0.013555510689911898,0.03692086,0.302978515625,-1.3340173996984959,0.0003,,
111.56,127,7344,-6.561420000000002,3922528,229,0.721534937620163,0.5887978076934814,2564,2.17550284601748,0.2,-0.0142920069192769,0.038368292,0.27178955078125,-1.1699676541611552,0.0003,,
,,,,3924544,,0.7326512336730957,0.5352551937103271,2568,2.170099910348654,0.2,-0.013161143302568235,0.038854115,0.26861572265625,-1.2539870738983154,0.0003,76.8,-1.7116000000000007
109.55,127,7387,-6.349000000000001,3926624,230,,,,,,,,,,,,
100.8,127,7417,-4.7797,3930720,231,0.6926037669181824,0.6673900485038757,2572,2.194348607212305,0.2,-0.013447948040266056,0.041198857,0.28363037109375,-1.2858836688101292,0.0003,,
106.43,127,7446,-5.775460000000001,3934816,232,0.7276003658771515,0.6167614459991455,2576,2.137571819126606,0.2,-0.010247582860756665,0.039729018,0.308837890625,-1.3310784231871367,0.0003,,
111.5,127,7476,-6.537299999999999,3938912,233,0.6634734272956848,0.6037935018539429,2580,2.0065049529075623,0.2,-0.017880335362860933,0.04133356,0.31146240234375,-1.4108715038746595,0.0003,,
102.64,127,7506,-5.083780000000001,3943008,234,0.6404809951782227,0.6897105574607849,2584,2.4461157703772187,0.2,-0.008346668786543887,0.035248294,0.29193115234375,-1.3204129114747047,0.0003,,
,,,,3944544,,0.6474993824958801,0.6406501531600952,2588,2.265644130297005,0.2,-0.01511921244673431,0.04194105,0.292236328125,-1.2553512174636126,0.0003,180.0,-18.362000000000002
91.74,127,7556,-2.9893800000000006,3947104,235,,,,,,,,,,,,
100.16,127,7587,-4.60912,3951200,236,0.7367139756679535,0.6800910234451294,2592,2.4433975405991077,0.2,-0.011317481781588867,0.0362773,0.26324462890625,-1.3898387216031551,0.0003,,
103.43,127,7616,-5.26846,3955296,237,0.7291593253612518,0.7070322632789612,2596,1.9935815138742328,0.2,-0.013089564032270573,0.045814533,0.30975341796875,-1.3230389021337032,0.0003,,
110.74,127,7645,-6.54568,3959392,238,0.7814591974020004,0.7161410450935364,2600,2.155943861231208,0.2,-0.01850264493987197,0.039758075,0.2886962890625,-1.3198038283735514,0.0003,,
107.91,127,7674,-5.813420000000001,3963488,239,0.7464323043823242,0.6884164214134216,2604,2.0721363332122564,0.2,-0.012775962124578655,0.042780578,0.2764892578125,-1.264951691031456,0.0003,,
,,,,3964544,,0.773969441652298,0.6966767907142639,2608,2.0123642990365624,0.2,-0.018184894433943555,0.042639337,0.2542724609375,-1.2419615909457207,0.0003,146.6,-12.577200000000001
107.67,127,7722,-5.76624,3967584,240,,,,,,,,,,,,
103.0,127,7751,-5.0924000000000005,3971680,241,0.7284964323043823,0.7513834238052368,2612,2.117252092808485,0.2,-0.014657501014880836,0.03655415,0.27935791015625,-1.3990948423743248,0.0003,,
91.27,127,7781,-2.7950399999999997,3975776,242,0.746207982301712,0.6567062139511108,2616,2.085873526521027,0.2,-0.015496540581807494,0.037101954,0.28411865234375,-1.3502755239605904,0.0003,,
84.76,127,7811,-1.8116199999999996,3979872,243,0.6426697075366974,0.8514690399169922,2620,3.068873155862093,0.2,-0.0073882410797523335,0.042669937,0.2957763671875,-1.3013424891978502,0.0003,,
105.86,127,7840,-5.817520000000001,3983968,244,0.7574503421783447,0.7034502029418945,2624,2.0168913677334785,0.2,-0.019415552291320637,0.044385813,0.2952880859375,-1.3683510702103376,0.0003,,
,,,,3984544,,0.7506735473871231,0.4065121114253998,2628,1.489033056423068,0.2,-0.018933031395135913,0.037120417,0.26702880859375,-1.414208197966218,0.0003,180.0,-18.868
105.17,127,7892,-5.60444,3988064,245,,,,,,,,,,,,
